"First","Last","Player","Team","Min","Pos","Shots","SoT","Dist","Solo","G","xG","xPlace","G-xG","KeyP","Dist.key","A","xA","A-xA","xG+xA","PA","xPA","xG/shot","xA/pass","G-xG/shot","A-xA/pass","Comp ($K)","Team/96","Min/96","Pos/96","Shots/96","SoT/96","G/96","xG/96","xPlace/96","G-xG/96","KeyP/96","A/96","xA/96","A-xA/96","xG+xA/96","PA/96","xPA/96","Comp ($K)/96","extreme1","extreme2","plotnames"
"Joao","Plata","Joao Plata","RSL",8715,"Wing",385,160,21.2877001247809,0.231168831168831,46,46.432,3.54208649012531,-0.431873083489168,299,19.0037533928822,34,29.9269186993877,4.07308130061225,76.3587917828769,28.2650898301908,32.2029156042085,0.120602267749323,0.100090029094942,-0.00112174826880303,0.0136223454869975,355,"RSL",8715,"Wing",3.07332185886403,1.20068846815835,0.319449225473322,0.404985711017418,-0.0175839859702036,-0.0855364855440963,2.47848537005164,0.253356282271945,0.235814804499077,0.0175414777728682,0.640800515516495,0.179773710785346,0.282800114767884,465,84,84,"Plata"
"Javier","Morales","Javier Morales","RSL",5382,"CAM",241,86,24.6908639963877,0.473029045643154,34,27.634,3.4130690551036,6.36583190250526,456,19.1969418614436,40,40.6892441927774,-0.689244192777376,68.3234122902721,20.435022388976,16.7463045773207,0.114664597914916,0.0892307986683714,0.0264142402593579,-0.0015115004227574,388,"RSL",5382,"CM",1.56967670011148,0.570791527313266,0.214046822742475,0.190866089332794,-0.00440715057118294,0.0231807334096807,2.76477146042363,0.214046822742475,0.208457115822352,0.00558970692012312,0.399323205155146,0.127352772668291,0.11280085272667,440,83,83,"Morales"
"Alvaro","Saborio","Alvaro Saborio","RSL",2895,NA,283,116,17.1358956791616,0.183745583038869,51,46.456,-0.068872020192849,4.54406047218156,68,21.9011149996506,9,8.30131969941144,0.698680300588558,54.7572592272299,33.4157105154657,29.1109821167807,0.164155263349182,0.122078230873698,0.0160567507850939,0.0102747103027729,412,"RSL",2895,"F",0.994818652849741,0.431088082901554,0.0994818652849741,0.112230019844452,0.00728957024426932,-0.0127481545594782,0.265284974093264,0,0.0195393873128598,-0.0195393873128598,0.131769407157312,0.0678058638208564,0.0888691194572944,493,85,85,"Saborio"
"Albert","Rusnak","Albert Rusnak","RSL",8119,"CAM",229,87,24.7228037798503,0.2882096069869,27,22.099,1.77926616383461,4.90128169766079,243,20.1781202560761,20,18.4371572305324,1.56284276946756,40.5358755328717,14.733463527063,12.6004094620214,0.0965009532853241,0.0758730750227672,0.0214029768456803,0.00643145172620396,1268,"RSL",8119,"CAM",2.70772262593916,1.02869811553147,0.31925113930287,0.261297814635369,0.0210382499973054,0.0579533246675004,2.87326025372583,0.236482325409533,0.218003090790875,0.0184792346186582,0.479300905426244,0.17421018581082,0.148988706534556,1268,82,82,"Rusnak"
"Kyle","Beckerman","Kyle Beckerman","RSL",12412,"CDM",309,102,27.3210661839663,0.249190938511327,20,15.344,6.98055197903808,4.65595908054344,250,22.7116267955507,21,19.4885044582086,1.51149554179144,34.8325453776651,13.8075276797684,9.87632387268067,0.0496570903542284,0.0779540178328342,0.0150678287396228,0.00604598216716578,480,"RSL",12412,"CDM",1.12922977763455,0.332581372864969,0.0464067031904608,0.0530714441201989,0.0130646303604169,-0.00666474092973804,0.827586206896552,0.0386722526587174,0.0617774206414878,-0.0231051679827705,0.114848864761687,0.0397883683309492,0.0377190198570731,647,78,80,"Beckerman"
"Jefferson","Savarino","Jefferson Savarino","RSL",7238,"Wing",216,94,22.8047869289669,0.185185185185185,21,15.885,2.25209218997873,5.11451785238962,125,19.6520603758814,19,14.7856902687644,4.21430973123559,30.6711724163748,11.0014263223284,8.85148820995572,0.0735438988315295,0.118285522150115,0.0236783233906927,0.0337144778498847,427,"RSL",7238,"Wing",2.86487980105001,1.24675324675325,0.27852998065764,0.210694430252915,0.0298702473387618,0.0678355504047256,1.65791655153357,0.252003315833103,0.196107524979467,0.0558957908536359,0.406801955232382,0.145915574322122,0.117400230471919,427,79,81,"Savarino"
"Fabian","Espindola","Fabian Espindola","RSL",2389,NA,131,60,19.6191873881298,0.16793893129771,19,16.726,1.3555373318034,2.27380498718281,60,20.0357979508167,9,8.56008681184905,0.439913188150952,25.2862818246662,12.4670129096785,10.2757626791384,0.127680877960437,0.142668113530817,0.0173572899784947,0.00733188646918253,100,NA,NA,NA,NA,NA,NA,NA,NA,NA,NA,NA,NA,NA,NA,NA,NA,NA,80,79,"Espindola"
"Yura","Movsisyan","Yura Movsisyan","RSL",3860,"F",113,46,16.4800818964308,0.230088495575221,16,19.156,-1.48765067830125,-3.15622983280533,36,19.2112962931526,3,4.4966739318177,-1.4966739318177,23.652903764623,11.8243441788901,13.1367660192101,0.169524157812437,0.124907609217158,-0.0279312374584543,-0.041574275883825,1031,"RSL",3860,"F",2.81036269430052,1.1440414507772,0.397927461139896,0.476424368898785,-0.0369985660924663,-0.0784969077588891,0.895336787564767,0.0746113989637306,0.111834377578886,-0.0372229786151552,0.588258746477671,0.294076953671879,0.32671749685082,1031,81,77,"Movsisyan"
"Luke","Mulholland","Luke Mulholland","RSL",6759,"CM",153,38,24.0700181551341,0.274509803921569,16,9.93,1.43854417900515,6.07028441696953,93,21.1142092960563,12,9.94818091071248,2.05181908928752,19.8778964937429,8.34140105282711,6.12742874405087,0.0649001018498723,0.106969687211962,0.0396750615488205,0.022062570852554,116,"RSL",6759,"CM",1.5907678650688,0.355082112738571,0.142032845095428,0.0932791091963934,0.0121500532352218,0.0487537358990349,0.809587217043941,0.085219707057257,0.0914586650886088,-0.00623895803135184,0.184737774285002,0.0769164898270341,0.0589538886938703,138,72,76,"Mulholland"
"Damir","Kreilach","Damir Kreilach","RSL",5798,"CDM",125,38,19.6584267596475,0.128,18,13.787,-1.42583280457735,4.21346092095937,68,23.4136197247573,8,5.86082803324707,2.13917196675293,19.6473671122877,9.4385211910254,8.22384367790214,0.110292312632325,0.086188647547751,0.033707687367675,0.0314584112757784,1050,"RSL",5798,"CDM",2.06967919972404,0.629182476716109,0.298033804760262,0.228269705344584,-0.0236081319833435,0.0697640994156778,1.12590548464988,0.132459468782339,0.0970402709885683,0.0354191977937705,0.325309976333153,0.156277687881759,0.136165745615489,1050,76,78,"Kreilach"
"Ned","Grabavoy","Ned Grabavoy","RSL",2709,"CM",84,28,20.4102636932619,0.226190476190476,7,8.208,0.618312517658616,-1.20787452894152,128,23.2769375150391,10,11.0567447878727,-1.05674478787269,19.2646193168142,3.8377467529368,4.94101404469236,0.0977127920112086,0.0863808186552554,-0.0143794586778753,-0.00825581865525541,151,NA,NA,NA,NA,NA,NA,NA,NA,NA,NA,NA,NA,NA,NA,NA,NA,NA,68,67,"Grabavoy"
"Luis","Silva","Luis Silva","RSL",3915,"F",97,38,17.4038223868019,0.22680412371134,12,13.942,-1.25829696285468,-1.94235630646448,46,21.858291087435,3,5.0326573479533,-2.0326573479533,18.9750136544178,5.89224719386892,7.33786449019657,0.143735632025407,0.109405594520724,-0.0200242918192214,-0.044188203216376,213,"RSL",3915,"F",2.37854406130268,0.931800766283525,0.294252873563218,0.341881533951619,-0.0308547914263216,-0.047628660388401,1.127969348659,0.0735632183908046,0.123406157191192,-0.0498429388003873,0.465287691142811,0.144484222378395,0.179932309338153,213,77,74,"Silva"
"Olmes","Garcia","Olmes Garcia","RSL",2745,"F",114,50,20.2671676104087,0.114035087719298,11,12.223,1.29940211734873,-1.22293369846419,46,19.0001797274364,5,5.88591165444439,-0.885911654444385,18.1088453529086,7.86460000876814,8.05416521254667,0.107218716653195,0.127954601183574,-0.0107274885830192,-0.0192589490096605,132,"RSL",2745,"Wing",1.74863387978142,0.804371584699454,0.104918032786885,0.183525987071249,0.0148233001694708,-0.0786079542843641,0.909289617486339,0.0699453551912568,0.113167884175216,-0.0432225289839595,0.296693871246466,0.109674305482371,0.133515144675399,142,74,72,"Garcia"
"Corey","Baird","Corey Baird","RSL",4241,"F",70,33,17.6353022531529,0.214285714285714,13,9.931,1.88486622005849,3.06859523978303,52,20.9401680753484,8,6.80053400919122,1.19946599080878,16.7319387694082,6.69042723400738,5.67558609561349,0.141877210860242,0.130779500176754,0.0438370748540433,0.0230666536693996,62,"RSL",4241,"F",1.58453195001179,0.746993633576987,0.294270219287904,0.224808973586614,0.042666153531152,0.0694612457012901,1.17708087715162,0.181089365715633,0.153938048781504,0.0271513169341294,0.378747022368117,0.151445653021624,0.128473535764889,62,73,75,"Baird"
"Luis","Gil","Luis Gil","RSL",2839,"CM",126,39,23.8796580257248,0.19047619047619,11,9.201,0.26539584999178,1.79870890813089,83,22.9250988608085,6,7.29662182967083,-1.29662182967083,16.4979129215399,5.58753363882484,5.03183971387619,0.073026119776739,0.0879111063815762,0.0142754675248484,-0.0156219497550702,251,"RSL",2839,"CM",0.912997534343079,0.270517787953505,0.0338147234941881,0.067578438685934,-0.0012232812794365,-0.0337637151917459,0.371961958436069,0.0338147234941881,0.0193125509752957,0.0145021725188924,0.0868909896612297,0.00118522536553467,0.0360190272587952,335,71,73,"Gil"
"Devon","Sandoval","Devon Sandoval","RSL",2011,"F",58,23,13.5720622226172,0.172413793103448,7,12.48,-1.28647659240961,-5.47983387291552,31,20.9753955764423,2,3.13891032962882,-1.13891032962882,15.6187442025443,3.60773163514526,7.84654465209612,0.215169549533026,0.10125517192351,-0.0944798943606124,-0.0367390428912524,52,"RSL",2011,"F",1.47986076578817,0.52511188463451,0.190949776230731,0.314901069943728,-0.0611749347371599,-0.123951293712997,0.763799104922924,0.0954748881153655,0.0808233384014791,0.0146515497138864,0.395724408345207,0.0636705839862676,0.229730389613278,61,75,68,"Sandoval"
"Tony","Beltran","Tony Beltran","RSL",7475,"FB/WB",54,20,26.849590298883,0.203703703703704,1,2.896,0.208481556830642,-1.89598862165515,118,21.1708420813935,6,11.2337755463459,-5.23377554634591,14.1297641680011,0.251092377504566,2.23880527120823,0.0536294189195397,0.0952014876808975,-0.0351109004010212,-0.0443540300537789,185,"RSL",7475,"FB/WB",0.269698996655518,0.128428093645485,0.0128428093645485,0.0133747108387995,0.00137197013189911,-0.000531901474251046,0.667826086956522,0.0642140468227425,0.0745454235456438,-0.0103313767229013,0.0879201343844433,0.00322473153718238,0.00995677683302771,219,57,45,"Beltran"
"Brooks","Lennon","Brooks Lennon","RSL",6400,"FB/WB",38,14,23.0999184236604,0.315789473684211,3,3.192,0.236514127230614,-0.192357193801725,95,19.2584049694593,7,9.20384790358972,-2.20384790358972,12.3962050973914,1.32192089544055,1.78084247564594,0.0840093998368875,0.0968826095114707,-0.00506203141583488,-0.0231983989851549,171,"RSL",6400,"FB/WB",0.57,0.21,0.045,0.0478853579070259,0.00354771190845921,-0.00288535790702588,1.425,0.105,0.138057718553846,-0.0330577185538458,0.185943076460872,0.0198288134316083,0.0267126371346891,171,58,58,"Lennon"
"Sebastian","Saucedo","Sebastian Saucedo","RSL",3270,"Wing",125,47,26.7943869082713,0.176,5,6.633,0.232653937454172,-1.63268422263,60,17.6505614430753,8,5.56619272295649,2.43380727704351,12.1988769455865,2.82193032675851,3.96503133050682,0.05306147378104,0.0927698787159414,-0.01306147378104,0.0405634546173919,109,"RSL",3270,"Wing",3.6697247706422,1.37981651376147,0.146788990825688,0.194721004701064,0.00683020733810413,-0.0479320138753761,1.76146788990826,0.234862385321101,0.163411162508814,0.0714512228122866,0.358132167209878,0.0828456609690572,0.116404589519466,109,66,62,"Saucedo"
"Nat","Borchers","Nat Borchers","RSL",4858,NA,53,20,10.4275582428679,0.150943396226415,7,8.677,1.98793763893911,-1.67661373977657,16,21.3255939181875,2,2.61613153557063,-0.616131535570634,11.2927452753472,5.70320959965332,6.12910913273816,0.163709693203331,0.163508220973165,-0.0316342215052182,-0.0385082209731646,203,NA,NA,NA,NA,NA,NA,NA,NA,NA,NA,NA,NA,NA,NA,NA,NA,NA,69,69,"Borchers"
"Juan","Manuel Martinez","Juan Manuel Martinez","RSL",3321,"Wing",56,21,18.0091522908069,0.25,8,6.069,-0.981580356332862,1.93071344420338,37,20.9710054994078,2,4.47383488720183,-2.47383488720183,10.5431214429985,5.89448156363931,4.42245274699312,0.108380117067797,0.12091445641086,0.034477025789346,-0.0668604023568063,1405,"RSL",3321,"Wing",1.61878952122855,0.607046070460705,0.231255645889792,0.175444597818873,-0.0283744999120611,0.0558110480709197,1.06955736224029,0.0578139114724481,0.129324947055518,-0.0715110355830701,0.304769544874391,0.17039151764811,0.127839645802872,1405,64,70,"Martinez"
"Robbie","Findley","Robbie Findley","RSL",1528,"F",60,24,16.0540992417167,0.15,7,8.859,-0.0173290240072799,-1.8593545698475,15,24.4415761133333,1,1.10970094583921,-0.109700945839207,9.96905551568671,3.00881697977431,5.73267004030157,0.147655909497458,0.0739800630559471,-0.0309892428307917,-0.00731339638928044,221,NA,NA,NA,NA,NA,NA,NA,NA,NA,NA,NA,NA,NA,NA,NA,NA,NA,70,66,"Findley"
"Will","Johnson","Will Johnson","RSL",9141,NA,75,33,25.8469137616533,0.28,5,6.778,0.889089133658183,-1.77815271409674,31,21.9598858998387,3,2.7236921467102,0.276307853289798,9.50184486080694,2.34996153696657,4.68474556131448,0.0903753695212898,0.0878610369906517,-0.0237087028546232,0.00891315655773542,234,NA,NA,NA,NA,NA,NA,NA,NA,NA,NA,NA,NA,NA,NA,NA,NA,NA,67,61,"Johnson"
"Chris","Schuler","Chris Schuler","RSL",2731,"CB",53,11,11.2931718070947,0.0754716981132075,5,6.428,-1.50374560791963,-1.42824620295754,21,24.9078108562281,2,2.78639796435735,-0.78639796435735,9.21464416731489,2.00139503521924,3.66250281933179,0.121287664206746,0.13268561735035,-0.0269480415652367,-0.0374475221122548,100,"RSL",2731,"CB",0.316367630904431,0.0351519589893812,0,0.0294827479055498,-0.0268221693835702,-0.0294827479055498,0.140607835957525,0,0.0234771000671679,-0.0234771000671679,0.0529598479727177,0,0.0178155104296606,108,65,64,"Schuler"
"Paulo","de Araujo Junior","Paulo de Araujo Junior","RSL",NA,NA,37,18,20.7505474286486,0.0810810810810811,4,4.743,-0.0994903935538147,-0.743351007654602,39,20.9962195321795,6,3.86889250697995,2.13110749302005,8.61224351463456,1.07512240225551,1.88593041701264,0.128198675882557,0.099202371973845,-0.0200905677744487,0.0546437818723089,57,NA,NA,NA,NA,NA,NA,NA,NA,NA,NA,NA,NA,NA,NA,NA,NA,NA,60,59,"Junior"
"Chris","Wingert","Chris Wingert","RSL",5707,"FB/WB",44,9,30.2758518626458,0.159090909090909,1,2.05,-0.900028723342665,-1.05013697647234,75,24.4796073416457,4,5.03245176149031,-1.03245176149031,7.08258873796265,0.711070709219989,1.72837422250457,0.0465940221925533,0.0670993568198708,-0.0238667494652806,-0.0137660234865375,165,"RSL",5707,"FB/WB",0.185035920799019,0.050464342036096,0.0168214473453653,0.0181751343454417,-0.0131164079619478,-0.00135368700007632,0.218678815489749,0,0.0189381717296083,-0.0189381717296083,0.0371133060750499,0.0119612384939756,0.0202987607144457,195,51,35,"Wingert"
"Sebastian","Jaime","Sebastian Jaime","RSL",1301,"F",28,12,17.2240381584348,0.107142857142857,5,4.128,1.53945207409612,0.871728249725513,17,19.8666369258314,2,2.06664149077256,-0.0666414907725613,6.19491324104705,3.35769882032334,2.83086369671934,0.147438276795517,0.121567146516033,0.0311331517759112,-0.0039200876925036,254,"RSL",1301,"F",1.47578785549577,0.590315142198309,0.368946963873943,0.2294387255727,0.0816427249706371,0.139508238301243,1.10684089162183,0.147578785549577,0.145425461398602,0.00215332415097525,0.374864186971302,0.247762557072284,0.170711496570997,267,59,63,"Jaime"
"Justen","Glad","Justen Glad","RSL",10215,"CB",39,14,11.1585487932787,0.153846153846154,2,4.785,0.297952427247618,-2.78472461620213,19,20.9546457575435,1,1.38326107662742,-0.383261076627418,6.16798569282955,1.34625744445667,3.35945576837943,0.122685246569285,0.0728032145593378,-0.0714031952872341,-0.0201716356119694,235,"RSL",10215,"CB",0.366519823788546,0.131571218795888,0.0187958883994126,0.0449665749540288,0.00280014028544017,-0.0261706865546162,0.17856093979442,0.00939794419970631,0.0129998104117702,-0.00360186621206384,0.057966385365799,0.012652052341443,0.0315719778526114,235,61,56,"Glad"
"Sam","Johnson","Sam Johnson","RSL",1375,"F",32,12,17.3050095640937,0.25,9,5.438,0.842661865957887,3.56209463915428,8,25.3419396385847,0,0.320395332930983,-0.320395332930983,5.7583006937767,5.51377354589292,3.20603940308712,0.169934542526429,0.0400494166163729,0.111315457473571,-0.0400494166163729,719,"RSL",1375,"F",2.23418181818182,0.837818181818182,0.628363636363636,0.379664665193592,0.0588331193686961,0.248698971170044,0.558545454545455,0,0.0223694196082723,-0.0223694196082723,0.402034084801864,0.384961643931433,0.223839841960992,719,63,71,"Johnson"
"Jamison","Olave","Jamison Olave","RSL",3516,NA,49,18,12.6991362825871,0.102040816326531,5,5.309,2.19093311618732,-0.308782736849843,8,29.0362125934108,0,0.350510825717039,-0.350510825717039,5.65929356256688,4.37639966922166,3.98092922999672,0.10834250483367,0.0438138532146299,-0.00630168850713964,-0.0438138532146299,221,"RSL",3516,"CB",0.627986348122867,0.300341296928328,0.0819112627986348,0.0705936605828998,0.0618398738640736,0.011317602215735,0.0819112627986348,0,0.00553641666627435,-0.00553641666627435,0.0761300772491742,0.10235190507365,0.0617750677391514,253,62,65,"Olave"
"Sebastian","Velasquez","Sebastian Velasquez","RSL",477,"CM",31,11,22.4986299245484,0.258064516129032,1,2.393,-0.160204457020859,-1.39325624881208,28,23.19228530675,2,2.75346371139764,-0.753463711397644,5.14671996020972,0.338640123610333,1.34027797733637,0.077201814477809,0.098337989692773,-0.0449437499616799,-0.0269094182642016,47,NA,NA,NA,NA,NA,NA,NA,NA,NA,NA,NA,NA,NA,NA,NA,NA,NA,55,51,"Velasquez"
"Andy","Williams","Andy Williams","RSL",NA,NA,38,13,28.9491337773684,0.421052631578947,2,2.101,0.492947039720503,-0.101124463590039,33,18.4522412054242,1,2.64786544650796,-1.64786544650796,4.748989910098,1.35877813065117,1.69251663999896,0.0552927490418431,0.0802383468638777,-0.0026611700944747,-0.0499353165608474,99,NA,NA,NA,NA,NA,NA,NA,NA,NA,NA,NA,NA,NA,NA,NA,NA,NA,52,52,"Williams"
"Demar","Phillips","Demar Phillips","RSL",5168,"FB/WB",25,4,28.1045718975681,0.48,0,0.996,-0.324286788548438,-0.995766235921607,27,20.4520916902794,6,3.52030833716374,2.47969166283626,4.51607457308535,0,0.687996883962956,0.0398306494368643,0.130381790265324,-0.0398306494368643,0.0918404319568984,144,"RSL",5168,"FB/WB",0.464396284829721,0.0743034055727554,0,0.0184972056208348,-0.00602390319285025,-0.0184972056208348,0.501547987616099,0.111455108359133,0.0653927245293574,0.0460623838297757,0.0838899301501922,0,0.0127801278754729,144,41,1,"Phillips"
"Collen","Warner","Collen Warner","RSL",6666,NA,16,8,22.7680101178125,0.125,0,1.759,0.279712467015963,-1.75856563359017,21,21.7225926744762,4,2.50904950790614,1.49095049209386,4.26761514149631,0,0.660646053903127,0.109910352099386,0.119478547995531,-0.109910352099386,0.0709976424806599,56,NA,NA,NA,NA,NA,NA,NA,NA,NA,NA,NA,NA,NA,NA,NA,NA,NA,50,15,"Warner"
"Aaron","Herrera","Aaron Herrera","RSL",4293,"FB/WB",22,6,28.5080055399733,0.363636363636364,0,0.733,-0.339695793861327,-0.732618091523875,38,23.8625334202702,3,3.23947119601328,-0.239471196013285,3.97208928753716,0,0.516401225851928,0.0333008223419943,0.0852492420003496,-0.0333008223419943,-0.00630187357929697,81,"RSL",4293,"FB/WB",0.491963661774983,0.134171907756813,0,0.0163827944994857,-0.00759627211988991,-0.0163827944994857,0.849755415793152,0.0670859538784067,0.0724410050820581,-0.00535505120365137,0.0888237995815438,0,0.0115477562734184,81,37,20,"Herrera"
"Jordan","Allen","Jordan Allen","RSL",2476,"Wing",31,15,22.9681852528115,0.161290322580645,4,2.691,0.384139537774728,1.30883797670147,20,19.2476208768578,2,1.28062855347113,0.719371446528865,3.97179057676966,4.26469511448729,1.70208610063028,0.0868116781709202,0.0640314276735567,0.0422205798935959,0.0359685723264433,106,"RSL",2476,"Wing",1.20193861066236,0.581583198707593,0.155088852988691,0.104342307850024,0.0148939400752722,0.0507465451386678,0.775444264943457,0.0775444264943457,0.0496528033656013,0.0278916231287444,0.153995111215625,0.165351668413077,0.065993645258686,106,56,60,"Allen"
"Aaron","Maund","Aaron Maund","RSL",6156,"CB",25,7,12.7140881296716,0.2,2,2.297,0.341341688732916,-0.297395623234349,6,19.8921489271441,1,1.17262605021277,-0.17262605021277,3.47002167344712,1.6980066071577,1.24831093567963,0.091895824929374,0.195437675035462,-0.0118958249293739,-0.0287710083687949,98,"RSL",6156,"CB",0.327485380116959,0.0935672514619883,0.0311890838206628,0.0293558732333289,0.00678692022995226,0.00183321058733387,0.0935672514619883,0.0155945419103314,0.0182865660851894,-0.00269202417485801,0.0476424393185183,0.0264796351993403,0.0170546046539051,106,53,54,"Maund"
"Arturo","Alvarez","Arturo Alvarez","RSL",3611,NA,18,1,22.2249213400556,0.222222222222222,0,1.409,-1.27461956003385,-1.40867335074281,13,20.7266040233077,1,1.79491300907099,-0.794913009070988,3.2035863598138,0,0.387622639934043,0.0782596305968227,0.138070231466999,-0.0782596305968227,-0.0611471545439222,202,NA,NA,NA,NA,NA,NA,NA,NA,NA,NA,NA,NA,NA,NA,NA,NA,NA,47,10,"Alvarez"
"Abdoulie","Mansally","Abdoulie Mansally","RSL",2022,"FB/WB",20,4,32.0567547635921,0.65,1,0.767,-0.105867930187057,0.232901437274435,18,21.41198139045,3,2.40262731035496,0.59737268964504,3.16972587308052,1.03520205360923,0.500188063588264,0.0383549281362783,0.13347929501972,0.0116450718637217,0.0331873716469467,63,"RSL",2022,"FB/WB",0.28486646884273,0.0474777448071217,0.0474777448071217,0.0204631291663972,0.00157386910456269,0.0270146156407244,0.379821958456973,0.0474777448071217,0.0425881024004631,0.00488964240665854,0.0630512315668603,0.0491490589250671,0.0139006060936111,66,39,47,"Mansally"
"John","Stertzer","John Stertzer","RSL",1860,"CM",14,4,13.1313337056172,0.357142857142857,1,2.321,-0.943503140460051,-1.32128739624559,6,22.2523872664769,1,0.708196963264229,0.291803036735771,3.02948435950982,0.667638238901289,1.73743075567604,0.165806242588971,0.118032827210705,-0.0943776711603995,0.0486338394559619,70,"RSL",1860,"CM",0.464516129032258,0.206451612903226,0.0516129032258065,0.0888707084327881,-0.0177592629728892,-0.0372578052069816,0.258064516129032,0.0516129032258065,0.0349146900435067,0.0166982131822998,0.123785398476295,0.0344587478142601,0.0694198053428109,73,54,48,"Stertzer"
"Jonathan","Steele","Jonathan Steele","RSL",NA,NA,19,4,27.159464738579,0.263157894736842,2,1.155,0.367085138455136,0.84544925181285,18,20.7907710358889,1,1.8007223824289,-0.800722382428903,2.95527313061605,3.4907741829255,1.03546416275384,0.0607658288519552,0.100040132357161,0.0444973290427816,-0.0444845768016057,48,NA,NA,NA,NA,NA,NA,NA,NA,NA,NA,NA,NA,NA,NA,NA,NA,NA,46,53,"Steele"
"Robbie","Russell","Robbie Russell","RSL",NA,NA,8,1,22.862627139,0.375,0,0.421,-0.398835704918751,-0.421158959726407,14,21.1903584049286,2,1.99355691446216,0.00644308553783563,2.41471587418857,0,0.238263645670562,0.0526448699658009,0.142396922461583,-0.0526448699658009,0.000460220395559688,134,NA,NA,NA,NA,NA,NA,NA,NA,NA,NA,NA,NA,NA,NA,NA,NA,NA,27,14,"Russell"
"Nick","Besler","Nick Besler","RSL",2370,"CDM",5,3,8.26601607185074,0,2,1.725,0.184558492964623,0.275045341389031,7,19.3590218125727,1,0.65662229106143,0.34337770893857,2.3815769496724,0.784255921210249,0.955265876014191,0.344990931722194,0.0938031844373471,0.0550090682778063,0.0490539584197957,81,"RSL",2370,"CDM",0.20253164556962,0.121518987341772,0.0810126582278481,0.0698715811082924,0.00747578705679487,0.0111410771195557,0.283544303797468,0.0405063291139241,0.0265973586252731,0.0139089704886509,0.0964689397335655,0.031767328454086,0.0386943139651318,81,49,55,"Besler"
"Donny","Toia","Donny Toia","RSL",9518,"FB/WB",11,2,20.9168128709815,0.181818181818182,1,0.999,-0.135116180944718,0.000890083983384939,15,20.9387421430818,1,1.31294211094012,-0.312942110940125,2.31205202695674,0.952855631410879,0.695345781615524,0.0908281741833287,0.087529474062675,8.09167257622672e-05,-0.0208628073960083,131,"RSL",9518,"FB/WB",0.110947678083631,0.0201723051061147,0.0100861525530574,0.0100771750302159,-0.00136280241339493,8.97752284145348e-06,0.15129228829586,0.0100861525530574,0.0132425344242753,-0.0031563818712179,0.0233197094544912,0.00961064725944993,0.00701336363049909,131,42,49,"Toia"
"Sunny","Sunny","Sunny","RSL",4254,"CM",21,4,22.1895299809265,0.285714285714286,1,1.052,0.0756897371511485,-0.0516322397712691,28,30.4672170272513,3,1.16337506288449,1.83662493711551,2.21500730265576,0.806918496617144,0.75323580617743,0.0500777257033938,0.0415491093887317,-0.00245867808434615,0.0655937477541255,152,"RSL",4254,"CM",0.473906911142454,0.0902679830747532,0.0225669957686883,0.0237321803051344,0.0017080899780231,-0.00116518453644613,0.631875881523272,0.0677009873060649,0.0262538801215117,0.0414471071845532,0.0499860604266461,0.0182097262988354,0.0169982692508306,152,45,41,"Sunny"
"Danilo","Acosta","Danilo Acosta","RSL",3181,"FB/WB",6,2,28.835736516433,0,0,0.38,0.201337302808063,-0.379583292923934,12,20.9919697241977,2,1.71443028918741,0.285569710812586,2.09401358211135,0,0.239356930505638,0.0632638821539889,0.142869190765618,-0.0632638821539889,0.0237974759010488,83,"RSL",3181,"FB/WB",0.181075133605784,0.0603583778685948,0,0.0114555159134541,0.00607619650096637,-0.0114555159134541,0.362150267211569,0.0603583778685948,0.0517401156120691,0.00861826225652571,0.0631956315255232,0,0.00722359802846315,83,24,29,"Acosta"
"Jean-Marc","Alexandre","Jean-Marc Alexandre","RSL",NA,NA,12,4,22.0428031864167,0,1,1.031,-0.465367021025683,-0.030857400648189,9,21.5159963177778,2,0.847829281092033,1.15217071890797,1.87868668174022,0.703505519188868,0.52448862337013,0.0859047833873491,0.0942032534546703,-0.00257145005401575,0.128018968767552,NA,NA,NA,NA,NA,NA,NA,NA,NA,NA,NA,NA,NA,NA,NA,NA,NA,NA,44,44,"Alexandre"
"Marcelo","Silva","Marcelo Silva","RSL",3816,"CB",16,6,12.2838611116448,0,2,1.413,0.127029348220729,0.586724411156683,4,20.4019240607764,0,0.164968276367954,-0.164968276367954,1.57824386521127,1.20278887166057,1.11907036629203,0.0883297243027073,0.0412420690919885,0.0366702756972927,-0.0412420690919885,745,"RSL",3816,"CB",0.40251572327044,0.150943396226415,0.050314465408805,0.0355541028639828,0.00319570687347745,0.0147603625448222,0.10062893081761,0,0.0041501453174328,-0.0041501453174328,0.0397042481814156,0.0302588395386306,0.0281527136174094,745,48,57,"Silva"
"Everton","Luiz","Everton Luiz","RSL",2263,"CDM",8,2,22.7960686890545,0.375,0,0.416,0.0541727763588508,-0.415855040254705,13,23.9846847483997,2,0.982881507314773,1.01711849268523,1.39873654756948,0,0.151963257177141,0.0519818800318381,0.0756062697934441,-0.0519818800318381,0.0782398840527097,1100,"RSL",2263,"CDM",0.339372514361467,0.0848431285903668,0,0.017641221327641,0.00229809391535558,-0.017641221327641,0.551480335837384,0.0848431285903668,0.0416953710571004,0.0431477575332664,0.0593365923847414,0,0.00644651908484559,1100,25,27,"Luiz"
"Omar","Holness","Omar Holness","RSL",599,"CM",10,1,22.5043243455716,0.4,1,1.022,-0.262620910498035,-0.0220506862316292,6,20.8198464674253,0,0.319382037638113,-0.319382037638113,1.34143272386974,0.000439530515997814,0.323466402026669,0.102205068623163,0.0532303396063522,-0.00220506862316292,-0.0532303396063522,128,"RSL",599,"CM",1.60267111853088,0.160267111853088,0.160267111853088,0.16380111164981,-0.0420894948377485,-0.00353399979672187,0.961602671118531,0,0.0511864367500148,-0.0511864367500148,0.214987548399825,7.04422863702673e-05,0.0518410260343243,128,43,43,"Holness"
"Nelson","Gonzalez","Nelson Gonzalez","RSL",NA,NA,5,2,24.913114374,0.2,1,0.295,-0.0411064159927413,0.705163462866553,8,13.537097151375,1,0.948273369124283,0.0517266308757173,1.24310990625773,0.0933193737530711,0.130072268441623,0.0589673074266894,0.118534171140535,0.141032692573311,0.00646582885946467,42,NA,NA,NA,NA,NA,NA,NA,NA,NA,NA,NA,NA,NA,NA,NA,NA,NA,22,40,"Gonzalez"
"David","Horst","David Horst","RSL",6395,"CB",9,2,12.2388253714269,0.111111111111111,0,0.709,-0.307860920387084,-0.70910171249903,3,15.6227261557542,1,0.376154446119877,0.623845553880123,1.08525615861891,0,0.395725325422975,0.0787890791665589,0.125384815373292,-0.0787890791665589,0.207948517960041,121,"RSL",6395,"CB",0.135105551211884,0.0300234558248632,0,0.0106448419702747,-0.00462152437172166,-0.0106448419702747,0.0450351837372948,0.0150117279124316,0.00564672819820299,0.00936499971422859,0.0162915701684777,0,0.00594052091330814,121,35,25,"Horst"
"Nedum","Onuoha","Nedum Onuoha","RSL",2505,"CB",9,4,11.9406859862437,0.111111111111111,1,0.883,-0.483425940066222,0.117482871568523,2,21.5621738111957,0,0.188995389892873,-0.188995389892873,1.07151251832435,0.122505319052057,0.497380136617514,0.0980574587146086,0.0944976949464367,0.0130536523965025,-0.0944976949464367,NA,"RSL",2505,"CB",0.344910179640719,0.153293413173653,0.0383233532934132,0.033821015700368,-0.0185265030923582,0.00450233759304518,0.0766467065868263,0,0.00724293709769096,-0.00724293709769096,0.041063952798059,0.00469481462235429,0.0190612746967191,NA,40,38,"Onuoha"
"Yordany","Alvarez","Yordany Alvarez","RSL",NA,"CDM",17,5,25.7043800145882,0.352941176470588,1,0.753,-0.0967916078683115,0.247267325532402,9,32.3892216544444,0,0.28581862546025,-0.28581862546025,1.03855129992785,0.828678141657415,0.64072431577228,0.0442783926157411,0.0317576250511389,0.0145451367960236,-0.0317576250511389,45,NA,NA,NA,NA,NA,NA,NA,NA,NA,NA,NA,NA,NA,NA,NA,NA,NA,38,50,"Alvarez"
"Khari","Stephenson","Khari Stephenson","RSL",230,"CM",21,7,32.7403100119048,0.0952380952380952,1,0.726,-0.357012143754077,0.273947198968326,3,24.8935580433333,1,0.28994403340928,0.71005596659072,1.01599683444095,0.728041338248054,0.531525111711057,0.0345739429062702,0.0966480111364266,0.0130451047127774,0.236685322196907,82,NA,NA,NA,NA,NA,NA,NA,NA,NA,NA,NA,NA,NA,NA,NA,NA,NA,36,39,"Stephenson"
"Pablo","Ruiz","Pablo Ruiz","RSL",576,"FB/WB",13,3,29.3974998594175,0.384615384615385,0,0.539,-0.275062740586993,-0.538534718892104,7,25.5422194821188,0,0.475066884649508,-0.475066884649508,1.01360160354161,0,0.149373679666609,0.041425747607085,0.0678666978070725,-0.041425747607085,-0.0678666978070725,201,"RSL",576,"FB/WB",2.16666666666667,0.5,0,0.0897557864820174,-0.0458437900978322,-0.0897557864820174,1.16666666666667,0,0.0791778141082513,-0.0791778141082513,0.168933600590269,0,0.0248956132777682,201,32,8,"Ruiz"
"Phanuel","Kavita","Phanuel Kavita","RSL",384,"CB",1,0,4.12742353048484,0,0,0.625,-0.624752433963889,-0.624752433963889,1,7.72539319387692,0,0.31226689865386,-0.31226689865386,0.937019332617749,0,0.381126716899332,0.624752433963889,0.31226689865386,-0.624752433963889,-0.31226689865386,50,"RSL",384,"CB",0.25,0,0,0.156188108490972,-0.156188108490972,-0.156188108490972,0.25,0,0.0780667246634649,-0.0780667246634649,0.234254833154437,0,0.095281679224833,50,34,22,"Kavita"
"Chad","Barrett","Chad Barrett","RSL",1451,"F",3,1,16.7833445240541,0,0,0.466,-0.416889872817213,-0.465623906177266,2,20.8848800362715,0,0.455753820303394,-0.455753820303394,0.921377726480659,0,0.551539818390436,0.155207968725755,0.227876910151697,-0.155207968725755,-0.227876910151697,105,"RSL",1451,"F",0.198483804272915,0.0661612680909717,0,0.0308062680861595,-0.0275819626398707,-0.0308062680861595,0.132322536181943,0,0.0301532506885774,-0.0301532506885774,0.0609595187747369,0,0.0364905737873755,105,30,21,"Barrett"
"Emiliano","Bonfigli","Emiliano Bonfigli","RSL",NA,NA,5,2,27.960347598,0.2,1,0.465,0.673835875329067,0.534944440756781,2,10.5545657985,0,0.392116192021464,-0.392116192021464,0.857171751264683,1.12689970870073,0.419536461099254,0.0930111118486437,0.196058096010732,0.106988888151356,-0.196058096010732,44,NA,NA,NA,NA,NA,NA,NA,NA,NA,NA,NA,NA,NA,NA,NA,NA,NA,29,46,"Bonfigli"
"Kwame","Watson-Siriboe","Kwame Watson-Siriboe","RSL",734,NA,6,1,10.622590811,0,0,0.577,-0.576790044390919,-0.576790044390919,4,25.7498869175,0,0.205680883719815,-0.205680883719815,0.782470928110734,0,0.388781298129674,0.0961316740651531,0.0514202209299538,-0.0961316740651531,-0.0514202209299538,51,NA,NA,NA,NA,NA,NA,NA,NA,NA,NA,NA,NA,NA,NA,NA,NA,NA,33,5,"Watson-Siriboe"
"Lovel","Palmer","Lovel Palmer","RSL",1911,"FB/WB",8,0,33.71218177625,0.125,0,0.149,-0.148736180164447,-0.148736180164447,3,16.1188587403333,1,0.514266997021476,0.485733002978524,0.663003177185924,0,0.108082375328239,0.0185920225205559,0.171422332340492,-0.0185920225205559,0.161911000992841,72,NA,NA,NA,NA,NA,NA,NA,NA,NA,NA,NA,NA,NA,NA,NA,NA,NA,17,26,"Palmer"
"Carlos","Salcedo","Carlos Salcedo","RSL",NA,"CB",4,2,12.13773222925,0.5,1,0.445,0.0627445091223395,0.554813302547972,3,19.8932641433333,0,0.166179111848004,-0.166179111848004,0.611365809300032,0.00334748696387074,0.138258026922733,0.111296674363007,0.0553930372826679,0.138703325636993,-0.0553930372826679,44,NA,NA,NA,NA,NA,NA,NA,NA,NA,NA,NA,NA,NA,NA,NA,NA,NA,28,42,"Salcedo"
"Jose","Hernandez","Jose Hernandez","RSL",209,"Wing",3,1,22.0793855309203,0,1,0.418,0.340680468405059,0.581671684983075,3,30.8477383207839,0,0.0999279298012589,-0.0999279298012589,0.518256244818183,0.201579441957554,0.0777455905994733,0.139442771672308,0.033309309933753,0.193890561661025,-0.033309309933753,56,"RSL",209,"Wing",1.37799043062201,0.45933014354067,0.45933014354067,0.19215080498385,0.156484808453998,0.267179338556819,1.37799043062201,0,0.0458999103393342,-0.0458999103393342,0.238050715323185,0.0925915140092116,0.0357108932897102,56,26,37,"Hernandez"
"Nick","Rimando","Nick Rimando","RSL",13735,"GK",0,0,NA,NA,0,0,0,0,9,25.7029735696641,0,0.474974345169594,-0.474974345169594,0.474974345169594,0,0,0,0.052774927241066,0,-0.052774927241066,335,"RSL",13735,"GK",0,0,0,0,0,0,0.0349472151437932,0,0.00147885986245637,-0.00147885986245637,0.00147885986245637,0,0,430,4,31,"Rimando"
"Justin","Braun","Justin Braun","RSL",NA,NA,3,1,11.5311293433333,0.333333333333333,0,0.475,-0.260289086156453,-0.474666599993968,0,NA,0,0,0,0.474666599993968,0,0.588636627119849,0.158222199997989,0,-0.158222199997989,0,104,NA,NA,NA,NA,NA,NA,NA,NA,NA,NA,NA,NA,NA,NA,NA,NA,NA,31,4,"Braun"
"Artur","Aghasyan","Artur Aghasyan","RSL",NA,NA,3,0,18.9484890666667,0.333333333333333,0,0.243,-0.24269164254773,-0.24269164254773,1,11.73436406,0,0.191060180878733,-0.191060180878733,0.433751823426462,0,0.196505400398401,0.0808972141825765,0.191060180878733,-0.0808972141825765,-0.191060180878733,NA,NA,NA,NA,NA,NA,NA,NA,NA,NA,NA,NA,NA,NA,NA,NA,NA,NA,21,17,"Aghasyan"
"Elias","Vasquez","Elias Vasquez","RSL",1350,"CB",3,1,10.8097530968175,0.333333333333333,0,0.305,0.230305504206218,-0.305448694577041,2,22.5087074463436,0,0.113568190825299,-0.113568190825299,0.41901688540234,0,0.35060088964058,0.10181623152568,0.0567840954126496,-0.10181623152568,-0.0567840954126496,122,"RSL",1350,"CB",0.213333333333333,0.0711111111111111,0,0.0217207960588118,0.0163772802991089,-0.0217207960588118,0.142222222222222,0,0.00807596023646572,-0.00807596023646572,0.0297967562952775,0,0.0249316188188857,122,23,12,"Vasquez"
"Cole","Grossman","Cole Grossman","RSL",NA,"CDM",4,1,30.101891825,0.25,1,0.162,0.192978339995827,0.83819067675318,5,25.245075646,0,0.235366928560432,-0.235366928560432,0.397176251807252,1.80915066419603,0.213107669037309,0.040452330811705,0.0470733857120863,0.209547669188295,-0.0470733857120863,48,NA,NA,NA,NA,NA,NA,NA,NA,NA,NA,NA,NA,NA,NA,NA,NA,NA,18,36,"Grossman"
"Terukazu","Tanaka","Terukazu Tanaka","RSL",NA,NA,0,0,NA,NA,0,0,0,0,1,5.428685384,1,0.390674052202303,0.609325947797697,0.390674052202303,0,0,0,0.390674052202303,0,0.609325947797697,44,NA,NA,NA,NA,NA,NA,NA,NA,NA,NA,NA,NA,NA,NA,NA,NA,NA,3,32,"Tanaka"
"Ricardo","Velazco","Ricardo Velazco","RSL",290,"Wing",5,1,24.7399785072854,0,0,0.24,0.0880422992459924,-0.240326063399461,3,23.705926883832,0,0.140541288899463,-0.140541288899463,0.380867352298925,0,0.122043194124105,0.0480652126798922,0.0468470962998211,-0.0480652126798922,-0.0468470962998211,66,"RSL",290,"Wing",1.6551724137931,0.331034482758621,0,0.0795562140908561,0.0291450369917768,-0.0795562140908561,0.993103448275862,0,0.0465240128770637,-0.0465240128770637,0.12608022696792,0,0.040400505641083,66,20,19,"Velazco"
"Chinedum","Onuoha","Chinedum Onuoha","RSL",105,"CB",1,0,10.833951264428,0,0,0.064,-0.063764629779757,-0.063764629779757,1,3.61436370610375,1,0.296028770899204,0.703971229100796,0.359793400678961,0,0.000450174542381489,0.063764629779757,0.296028770899204,-0.063764629779757,0.703971229100796,219,"RSL",105,"CB",0.914285714285714,0,0,0.0582990900843492,-0.0582990900843492,-0.0582990900843492,0.914285714285714,0.914285714285714,0.270654876250701,0.643630838035013,0.32895396633505,0,0.000411588153034504,219,11,13,"Onuoha"
"David","Viana","David Viana","RSL",NA,NA,1,0,29.9832424,0,0,0.033,-0.0331280643256398,-0.0331280643256398,1,10.70144383,0,0.289485850120299,-0.289485850120299,0.322613914445939,0,0.0404865567952432,0.0331280643256398,0.289485850120299,-0.0331280643256398,-0.289485850120299,47,NA,NA,NA,NA,NA,NA,NA,NA,NA,NA,NA,NA,NA,NA,NA,NA,NA,9,33,"Viana"
"Cody","Arnoux","Cody Arnoux","RSL",NA,NA,1,0,13.63853731,0,0,0.14,-0.140203284394188,-0.140203284394188,1,13.34584673,0,0.147237632813239,-0.147237632813239,0.287440917207428,0,0.0156751232016209,0.140203284394188,0.147237632813239,-0.140203284394188,-0.147237632813239,72,NA,NA,NA,NA,NA,NA,NA,NA,NA,NA,NA,NA,NA,NA,NA,NA,NA,16,34,"Arnoux"
"Justin","Schmidt","Justin Schmidt","RSL",709,"CB",3,1,15.6182081126196,0.333333333333333,0,0.205,-0.0916288094023723,-0.204953467382335,2,31.6675988677681,0,0.0538878064494218,-0.0538878064494218,0.258841273831757,0,0.171835363811225,0.0683178224607784,0.0269439032247109,-0.0683178224607784,-0.0269439032247109,53,"RSL",709,"CB",0.406205923836389,0.13540197461213,0,0.0277511041871709,-0.0124067217244397,-0.0277511041871709,0.27080394922426,0,0.00729651540076798,-0.00729651540076798,0.0350476195879389,0,0.0232668475682336,53,19,6,"Schmidt"
"Jeff","Attinella","Jeff Attinella","RSL",5736,"GK",1,0,9.553513751,0,0,0.117,-0.117028292552841,-0.117028292552841,1,19.3928466193079,0,0.062124946508809,-0.062124946508809,0.17915323906165,0,0.214571712521483,0.117028292552841,0.062124946508809,-0.117028292552841,-0.062124946508809,57,"RSL",5736,"GK",0,0,0,0,0,0,0.0167364016736402,0,0.00103974805872484,-0.00103974805872484,0.00103974805872484,0,0,65,15,23,"Attinella"
"Andrew","Putna","Andrew Putna","RSL",637,"GK",0,0,NA,NA,0,0,0,0,2,23.8718064948675,0,0.148874251748606,-0.148874251748606,0.148874251748606,0,0,0,0.0744371258743029,0,-0.0744371258743029,71,"RSL",637,"GK",0,0,0,0,0,0,0.301412872841444,0,0.0224363079558338,-0.0224363079558338,0.0224363079558338,0,0,71,2,28,"Putna"
"Kelyn","Rowe","Kelyn Rowe","RSL",9635,"CDM",3,3,29.5452376188247,0,0,0.095,0.225927421277261,-0.0946157586103145,0,NA,0,0,0,0.0946157586103145,0,0.0623589384320075,0.0315385862034382,0,-0.0315385862034382,0,326,"RSL",9635,"CDM",0.0298910223144785,0.0298910223144785,0,0.000942720583974073,0.00225106719695039,-0.000942720583974073,0,0,0,0,0.000942720583974073,0,0.000621324140059441,326,14,9,"Rowe"
"Ricky","Lopez-Espin","Ricky Lopez-Espin","RSL",30,"sub",1,0,12.1923910698435,0,0,0.086,-0.0862707459961126,-0.0862707459961126,0,NA,0,0,0,0.0862707459961126,0,0.015629504750591,0.0862707459961126,0,-0.0862707459961126,0,76,"RSL",30,"sub",3.2,0,0,0.27606638718756,-0.27606638718756,-0.27606638718756,0,0,0,0,0.27606638718756,0,0.0500144152018912,76,13,11,"Lopez-Espin"
"Douglas","Martinez","Douglas Martinez","RSL",64,"F",1,0,11.5487239554853,0,0,0.08,-0.0801694412082951,-0.0801694412082951,0,NA,0,0,0,0.0801694412082951,0,0.0570061414177527,0.0801694412082951,0,-0.0801694412082951,0,NA,"RSL",64,"F",1.5,0,0,0.120254161812443,-0.120254161812443,-0.120254161812443,0,0,0,0,0.120254161812443,0,0.085509212126629,NA,12,18,"Martinez"
"Chris","Agorsor","Chris Agorsor","RSL",NA,NA,0,0,NA,NA,0,0,0,0,1,28.64047529,0,0.0403407669896177,-0.0403407669896177,0.0403407669896177,0,0,0,0.0403407669896177,0,-0.0403407669896177,33,NA,NA,NA,NA,NA,NA,NA,NA,NA,NA,NA,NA,NA,NA,NA,NA,NA,1,7,"Agorsor"
"Adam","Henley","Adam Henley","RSL",281,"FB/WB",1,0,29.0920263989981,1,0,0.037,-0.0367818676968938,-0.0367818676968938,0,NA,0,0,0,0.0367818676968938,0,0.00786593304410535,0.0367818676968938,0,-0.0367818676968938,0,123,"RSL",281,"FB/WB",0.341637010676157,0,0,0.0125660473270527,-0.0125660473270527,-0.0125660473270527,0,0,0,0,0.0125660473270527,0,0.00268729385136695,123,10,16,"Henley"
"Shawn","Barry","Shawn Barry","RSL",212,"FB/WB",0,0,NA,NA,0,0,0,0,1,19.4880296592549,0,0.0355253608330861,-0.0355253608330861,0.0355253608330861,0,0,0,0.0355253608330861,0,-0.0355253608330861,131,"RSL",212,"FB/WB",0,0,0,0,0,0,0.452830188679245,0,0.0160869558489446,-0.0160869558489446,0.0160869558489446,0,0,131,5,24,"Barry"
"Blake","Wagner","Blake Wagner","RSL",NA,NA,1,0,32.93600803,1,0,0.022,-0.0223976595705794,-0.0223976595705794,0,NA,0,0,0,0.0223976595705794,0,0.000204851069665866,0.0223976595705794,0,-0.0223976595705794,0,42,NA,NA,NA,NA,NA,NA,NA,NA,NA,NA,NA,NA,NA,NA,NA,NA,NA,8,30,"Wagner"
"Justin","Portillo","Justin Portillo","RSL",202,"CDM",1,0,34.471067578478,1,0,0.017,-0.0170848427745979,-0.0170848427745979,0,NA,0,0,0,0.0170848427745979,0,0.00474456114506081,0.0170848427745979,0,-0.0170848427745979,0,70,"RSL",202,"CDM",0.475247524752475,0,0,0.00811952923941286,-0.00811952923941286,-0.00811952923941286,0,0,0,0,0.00811952923941286,0,0.00225484094022692,70,7,3,"Portillo"
"Rich","Balchan","Rich Balchan","RSL",NA,NA,1,0,31.5075487,1,0,0.015,-0.0149098134250585,-0.0149098134250585,0,NA,0,0,0,0.0149098134250585,0,0.0121974238217695,0.0149098134250585,0,-0.0149098134250585,0,48,NA,NA,NA,NA,NA,NA,NA,NA,NA,NA,NA,NA,NA,NA,NA,NA,NA,6,2,"Balchan"
